{"anvil_base.png": [1.9859376969577625e-06, -1.2609358002180215e-10, 2.3899771051105745e-10], "beacon.png": [5.475288215706087e-06, -5.150256152108845e-06, -1.2554533801445444e-06], "bedrock.png": [1.6603741421761242e-06, -1.0541567618815861e-10, 1.9981793997203567e-10], "bed_feet_top.png": [1.5076148045523041e-06, 3.6950704440652515e-06, 1.3020448885736613e-06], "bed_head_top.png": [7.592679555301629e-06, 4.9050097317149266e-08, -1.3389326869450713e-07], "bookshelf.png": [5.0709463863540805e-06, 2.259647330360437e-07, 2.820977357265164e-06], "brewing_stand_base.png": [3.678868193190965e-06, -2.335631688055173e-10, 4.427291866448968e-10], "brick.png": [2.5919537485208366e-06, 1.4600246012186346e-06, 1.2760485390561627e-06], "cauldron_inner.png": [1.953381342900684e-06, -1.2401191185062999e-10, 2.3507862323413065e-10], "clay.png": [5.2491586686187475e-06, -5.258880830805168e-08, -5.253051771347828e-07], "coal_block.png": [4.2323262405830064e-07, -2.6867397195928788e-11, 5.0931481254679056e-11], "coal_ore.png": [3.7765372589149138e-06, -2.3976653995561037e-10, 4.544808973605541e-10], "coarse_dirt.png": [2.9531086624956515e-06, 6.71888544800936e-07, 1.6074594655357544e-06], "cobblestone.png": [4.134657174859058e-06, -2.6249835638481045e-10, 4.975797551765027e-10], "cobblestone_mossy.png": [2.8195887615822812e-06, -1.9026803327326647e-06, 1.3601648640726438e-06], "command_block.png": [4.497108385237425e-06, 1.4904933953729937e-06, 2.9111397015224583e-06], "comparator_off.png": [5.306685977757297e-06, -3.3691105461031157e-10, 6.386280393400057e-10], "comparator_on.png": [5.306685977757297e-06, -3.3691105461031157e-10, 6.386280393400057e-10], "crafting_table_top.png": [4.03039528151794e-06, 1.167433386073391e-06, 2.6449961831875868e-06], "daylight_detector_inverted_top.png": [1.6827457613999286e-06, -1.3226642003871802e-09, 8.625691216845865e-07], "daylight_detector_top.png": [1.6827457613999286e-06, -1.3226642003871802e-09, 8.625691216845865e-07], "diamond_block.png": [6.734919175244158e-06, -3.1095484798182582e-06, -8.915696625422243e-07], "diamond_ore.png": [3.7765372589149138e-06, -2.3976653995561037e-10, 4.544808973605541e-10], "dirt.png": [2.9531086624956515e-06, 6.71888544800936e-07, 1.6074594655357544e-06], "dirt_podzol_top.png": [2.1392369475847772e-06, 4.962311950240661e-07, 1.7992197676175437e-06], "dragon_egg.png": [2.6984908529925633e-07, 6.602572655278749e-08, -1.7971019117268838e-07], "emerald_block.png": [6.972712000674619e-06, -4.025531463724974e-06, 1.983166131314107e-06], "emerald_ore.png": [4.134657174859058e-06, -2.6249835638481045e-10, 4.975797551765027e-10], "enchanting_table_top.png": [1.196493151667255e-06, 2.001781379545875e-06, 7.561815451584408e-07], "endframe_top.png": [3.3765203468760774e-06, -1.7198819868280424e-06, 3.572936391194048e-09], "end_stone.png": [6.072516885780033e-06, -6.726319223826493e-07, 2.403025689545757e-06], "farmland_dry.png": [2.236868837712791e-06, 6.719340223115822e-07, 1.6073732678201225e-06], "farmland_wet.png": [1.5508358082172435e-06, 6.554668613434345e-07, 1.652226377935051e-06], "furnace_top.png": [3.971875397468239e-06, -2.521732822557965e-10, 4.779954210221149e-10], "glass_black.png": [8.139088940595229e-07, -5.168088179630104e-11, 9.794942634755444e-11], "glass_blue.png": [2.540843297538231e-06, 9.07636382718735e-07, -4.856633051275594e-06], "glass_brown.png": [2.595562651919181e-06, 3.9441451493704704e-07, 1.4081448063141266e-06], "glass_cyan.png": [3.8426322959139725e-06, -1.1546079786706187e-06, -1.725806397789853e-06], "glass_gray.png": [2.474283036235647e-06, -1.5709655798445965e-10, 2.977673663195901e-10], "glass_green.png": [3.7829958223767335e-06, -2.0313500603830192e-06, 3.142065280181683e-06], "glass_light_blue.png": [4.776031250486312e-06, -5.437707090161226e-07, -3.3883137739998404e-06], "glass_lime.png": [5.687793347419756e-06, -5.346769291203479e-06, 7.201786772492724e-06], "glass_magenta.png": [3.5094482413455808e-06, 5.478562825622646e-06, -5.174688172404629e-06], "glass_orange.png": [4.5723081960602485e-06, 1.5085068888476272e-06, 4.389323576825532e-06], "glass_pink.png": [5.0201766015334215e-06, 4.198047409698091e-06, -4.488478866360168e-07], "glass_purple.png": [2.7643724997972186e-06, 3.885873178788302e-06, -4.467107250771818e-06], "glass_red.png": [2.3666009987266534e-06, 3.167135026460599e-06, 1.1161677693216632e-06], "glass_silver.png": [4.981122422975659e-06, -3.1624702856447584e-10, 5.994482688009839e-10], "glass_white.png": [8.301870703775194e-06, -5.270783809407931e-10, 9.990785976299321e-10], "glass_yellow.png": [7.037183841873684e-06, -2.939354371012115e-06, 7.999395729152425e-06], "glowstone.png": [3.545243597358194e-06, -5.344768794213195e-07, 1.7408021080189684e-06], "gold_block.png": [7.536541005492836e-06, -2.422107070465529e-06, 7.92793789505808e-06], "gold_ore.png": [3.7765372589149138e-06, -2.3976653995561037e-10, 4.544808973605541e-10], "grass_top.png": [4.916009711308789e-06, -3.1212532558555495e-10, 5.916156453622534e-10], "gravel.png": [4.148504761047889e-06, 6.184024126110188e-08, 2.2379309516651347e-08], "hardened_clay.png": [3.240356644340636e-06, 1.388031717342031e-06, 1.758303330712252e-06], "hardened_clay_stained_black.png": [8.059993561460033e-07, 3.6666178426791873e-07, 4.338114367730128e-07], "hardened_clay_stained_blue.png": [2.0998677854322523e-06, 9.939868789166084e-07, -1.273588223771327e-06], "hardened_clay_stained_brown.png": [1.8284323601847063e-06, 5.12007866659836e-07, 9.926914457114577e-07], "hardened_clay_stained_cyan.png": [2.902376841973364e-06, -1.2439152485832494e-07, -4.341083603698337e-08], "hardened_clay_stained_gray.png": [1.4873332716547338e-06, 3.5010778998145753e-07, 4.788291041446513e-07], "hardened_clay_stained_green.png": [2.5248226727114798e-06, -8.944624069195939e-07, 1.76608602187045e-06], "hardened_clay_stained_light_blue.png": [3.628115962328593e-06, 6.814020597767367e-07, -1.2819932337926332e-06], "hardened_clay_stained_lime.png": [3.5594391434301542e-06, -1.508148009254917e-06, 2.7680863545764822e-06], "hardened_clay_stained_magenta.png": [3.311018847540481e-06, 2.271727458924566e-06, -2.6496876359694e-07], "hardened_clay_stained_orange.png": [3.0946734632664175e-06, 1.631300414195458e-06, 2.9097953768708607e-06], "hardened_clay_stained_pink.png": [3.08386374570091e-06, 2.593615697210616e-06, 8.634578663180292e-07], "hardened_clay_stained_purple.png": [2.5768433999928675e-06, 1.7234432353463447e-06, -2.0447920578980927e-07], "hardened_clay_stained_red.png": [2.458031715946163e-06, 2.3314535718688134e-06, 1.4815418725167007e-06], "hardened_clay_stained_silver.png": [3.6562502216952453e-06, 7.206222701894305e-07, 7.111818300931105e-07], "hardened_clay_stained_white.png": [5.953367164579504e-06, 7.601605039875281e-07, 1.0807080952357495e-06], "hardened_clay_stained_yellow.png": [4.4039363267245335e-06, 4.3927139703470175e-08, 4.939111292179277e-06], "hay_block_top.png": [4.738908604196013e-06, -1.156975154570361e-06, 6.393910756408161e-06], "hopper_inside.png": [1.953381342900684e-06, -1.2401191185062999e-10, 2.3507862323413065e-10], "hopper_outside.png": [1.9859376969577625e-06, -1.2609358002180215e-10, 2.3899771051105745e-10], "ice.png": [5.357896604607504e-06, -1.3300933965343376e-07, -4.4108240837559265e-06], "ice_packed.png": [6.456066142135342e-06, -7.143749480853501e-08, -2.764890005835241e-06], "iron_block.png": [7.487961809715671e-06, -4.75397499144492e-10, 9.011291712823777e-10], "iron_ore.png": [3.7765372589149138e-06, -2.3976653995561037e-10, 4.544808973605541e-10], "jukebox_top.png": [2.799725123736607e-06, 7.379411526287072e-07, 1.427698331779581e-06], "lapis_block.png": [1.6545976038173649e-06, 4.6978175516354526e-07, -4.046722135164771e-06], "lapis_ore.png": [3.7765372589149138e-06, -2.3976653995561037e-10, 4.544808973605541e-10], "lava_flow.png": [3.0915541735510033e-06, 2.981823607473011e-06, 4.197647190951059e-06],